MAF,,,,,
Sample,Target,Ct Value Run 1 20240105,Ct Value Run 2 20240105,,Ct Ave
Thy_35_TN,MAF,29.64077166,30.5009866,,30.07087913
Thy_37_TN,MAF,32.76290306,32.80022017,,32.78156162
Thy_39_TN,MAF,33.04643482,33.59258986,,33.31951234
Thy_42_TN,MAF,33.73024739,31.20795401,,32.4691007
Thy_44_TN,MAF,30.6943729,30.37953428,,30.53695359
Thy_45_TN,MAF,30.78283813,30.85126173,,30.81704993
Thy_1_HS,MAF,31.02452676,29.73576912,,30.38014794
Thy_3_HS,MAF,31.03757583,31.55389418,,31.295735
Thy_5_HS,MAF,29.71961364,29.91740627,,29.81850996
Thy_6_HS,MAF,30.49817604,30.83926304,,30.66871954
Thy_7_HS,MAF,31.29177385,31.46041257,,31.37609321
Thy_50_HS,MAF,31.1761537,31.70607057,,31.44111213
Thy_29_HSAX,MAF,31.76406415,32.74588202,,32.25497308
Thy_34_HSAX,MAF,30.93920672,30.37158898,,30.65539785
Thy_71_HSAX,MAF,31.05650874,31.68111839,,31.36881356
Thy_73_HSAX,MAF,31.53379021,32.08593148,,31.80986084
Thy_76_HSAX,MAF,31.96671282,32.05484108,,32.01077695
Thy_78_HSAX,MAF,33.03722293,33.03722293,,33.03722293
